description,Jan-01,Feb-01,Mar-01,Apr-01,May-01,Jun-01,Jul-01,Aug-01,Sep-01,Oct-01,Nov-01,Dec-01,Jan-02,Feb-02,Mar-02,Apr-02,May-02,Jun-02,Jul-02,Aug-02,Sep-02,Oct-02,Nov-02,Dec-02,Jan-03,Feb-03,Mar-03,Apr-03,May-03,Jun-03,Jul-03,Aug-03,Sep-03,Oct-03,Nov-03,Dec-03,Jan-04,Feb-04,Mar-04,Apr-04,May-04,Jun-04,Jul-04,Aug-04,Sep-04,Oct-04,Nov-04,Dec-04,Jan-05,Feb-05,Mar-05,Apr-05,May-05,Jun-05,Jul-05,Aug-05,Sep-05,Oct-05,Nov-05,Dec-05,Jan-06,Feb-06,Mar-06,Apr-06,May-06,Jun-06,Jul-06,Aug-06,Sep-06,Oct-06,Nov-06,Dec-06,Jan-07,Feb-07,Mar-07,Apr-07,May-07,Jun-07,Jul-07,Aug-07,Sep-07,Oct-07,Nov-07,Dec-07,Jan-08,Feb-08,Mar-08,Apr-08,May-08,Jun-08,Jul-08,Aug-08,Sep-08,Oct-08,Nov-08,Dec-08,Jan-09,Feb-09,Mar-09,Apr-09,May-09,Jun-09,Jul-09,Aug-09,Sep-09,Oct-09,Nov-09,Dec-09,Jan-10,Feb-10,Mar-10,Apr-10,May-10,Jun-10,Jul-10,Aug-10,Sep-10,Oct-10,Nov-10,Dec-10,Jan-11,Feb-11,Mar-11,Apr-11,May-11,Jun-11,Jul-11,Aug-11,Sep-11,Oct-11,Nov-11,Dec-11,Jan-12,Feb-12,Mar-12,Apr-12,May-12,Jun-12,Jul-12,Aug-12,Sep-12,Oct-12,Nov-12,Dec-12,Jan-13,Feb-13,Mar-13,Apr-13,May-13,Jun-13,Jul-13,Aug-13,Sep-13,Oct-13,Nov-13,Dec-13,Jan-14,Feb-14,Mar-14,Apr-14,May-14,Jun-14,Jul-14,Aug-14,Sep-14,Oct-14,Nov-14,Dec-14,Jan-15,Feb-15,Mar-15,Apr-15,May-15,Jun-15,Jul-15,Aug-15,Sep-15,Oct-15,Nov-15,Dec-15,Jan-16,Feb-16,Mar-16,Apr-16,May-16,Jun-16,Jul-16,Aug-16,Sep-16,Oct-16,Nov-16,Dec-16,Jan-17,Feb-17,Mar-17,Apr-17,May-17,Jun-17,Jul-17,Aug-17,Sep-17,Oct-17,Nov-17,Dec-17,Jan-18,Feb-18,Mar-18,Apr-18,May-18,Jun-18,Jul-18,Aug-18,Sep-18,Oct-18,Nov-18,Dec-18,Jan-19,Feb-19,Mar-19,Apr-19,May-19,Jun-19,Jul-19,Aug-19,Sep-19,Oct-19,Nov-19,Dec-19,Jan-20,Feb-20,Mar-20,Apr-20
Residential : United States,127066,99878,92805,82454,81731,99407,120707,129205,105943,85420,80807,96184,116892,96593,95319,85408,87319,107170,133695,134332,115833,94531,88822,109266,124273,110937,99561,83448,87804,101286,130674,134468,113849,89781,86659,113084,127121,112464,98947,85377,90598,112335,129305,126423,112338,93466,89650,113956,125288,106667,104065,86749,87384,116627,144476,146905,126516,102686,91687,120177,120419,104511,104955,89374,94000,118815,147338,150064,116072,96246,94843,114882,125286,121464,105695,90282,96389,117418,139027,150101,129512,103754,95905,117408,133368,118554,107162,92166,92246,121376,143179,138460,117078,96111,95766,125195,136229,115212,106501,91631,94312,114395,137498,138223,115163,98552,93028,124013,147500,122840,111790,88046,94843,127496,154689,154053,124583,96688,93166,130014,145062,120110,104922,93702,97689,125983,154729,153739,122719,94585,93220,116341,125881,107975,99362,88103,100895,122934,154579,147941,118831,96669,97155,114188,131785,113114,112097,95541,95192,117982,143855,138065,121419,98893,97904,128966,146511,128475,114233,92290,95727,118049,137028,135830,120741,98038,99486,120801,137765,123838,117167,90199,95161,120300,146038,144515,125417,99349,92678,111670,130972,115959,100227,88244,94198,125211,154409,156442,129363,101508,93244,121281,129212,100968,103096,90725,98281,122543,149900,142007,118779,102811,98321,122005,148917,113751,107218,95454,103848,129913,153566,153496,128910,107049,103790,123180,133011,116249,112140,89864,99810,119519,153141,149549,131123,107636,102167,120938,123731,111963,103973,97440
Residential : New England,4373,3525,3798,3165,2893,3382,3744,4177,3242,3038,3178,3846,4145,3486,3472,3144,3084,3244,4352,4543,3577,3186,3466,4391,4637,4042,4008,3412,3132,3262,4388,4579,3673,3286,3463,4368,4960,4118,3824,3411,3226,3658,4013,4297,3688,3346,3629,4531,4633,3871,4140,3304,3281,3987,4847,4920,3852,3548,3605,4712,4436,3752,4020,3235,3288,3917,4895,4626,3335,3271,3540,4176,4366,4299,4050,3418,3332,3716,4470,4670,3719,3445,3638,4594,4562,3977,4076,3379,3040,3668,4777,4072,3646,3142,3641,4310,4772,4207,3903,3440,3157,3242,3846,4630,3679,3430,3371,4215,4767,4220,3848,3318,3270,3878,5089,4758,4104,3405,3503,4418,4780,4175,3963,3593,3230,3757,4754,4625,3851,3347,3388,4019,4482,3934,3732,3206,3240,3731,4868,4979,3942,3335,3551,4208,4655,4269,4059,3540,3176,3829,5232,4458,3855,3267,3533,4497,4998,4478,4273,3481,3227,3410,4518,4124,3876,3168,3486,4172,4766,4669,4298,3561,3101,3506,4351,4673,4258,3291,3192,3815,4321,3995,3749,3327,3060,3562,4543,5152,4315,3210,3235,4062,4415,3761,3899,3417,3135,3694,4541,4351,3586,3197,3440,4413,4978,3825,3775,3418,3156,3551,4941,5108,4107,3321,3640,4280,4536,3960,3908,3197,3126,3376,4964,4694,3481,3138,3375,4376,4293,3793,3613,3509
Residential : Connecticut,1300,985,1054,872,776,945,1075,1216,896,802,901,1151,1200,935,1005,876,837,927,1320,1277,957,876,997,1267,1328,1171,1120,963,839,924,1233,1319,1122,863,991,1306,1420,1171,1086,933,882,1079,1137,1244,1015,899,1056,1290,1358,1107,1208,872,893,1181,1414,1428,1017,949,1011,1365,1236,1063,1164,836,873,1078,1455,1332,878,888,987,1175,1241,1203,1162,936,903,1031,1336,1269,998,937,1018,1337,1296,1020,1140,929,746,1053,1408,1038,1019,833,1003,1244,1332,1198,1091,927,853,891,1075,1228,1044,909,879,1153,1353,1141,1037,892,823,1039,1375,1327,1110,862,918,1187,1372,1090,1066,976,881,1023,1286,1347,1037,888,883,1069,1230,1098,1013,853,845,979,1363,1372,1107,846,932,1119,1262,1213,1094,999,825,1012,1462,1243,1055,818,923,1230,1365,1271,1152,947,861,901,1225,1122,1047,801,925,1159,1296,1334,1174,991,803,943,1204,1274,1180,847,836,1010,1190,1105,1012,900,789,1009,1241,1447,1200,821,866,1097,1225,1037,1019,951,798,985,1270,1169,932,840,916,1239,1416,964,1026,916,836,974,1462,1401,1048,844,992,1181,1260,1052,1044,822,814,944,1501,1250,852,798,849,1312,1176,990,937,936
Residential : Maine,387,323,350,321,255,302,339,360,276,286,321,383,418,302,271,318,310,308,374,392,298,287,349,416,446,371,372,315,288,272,398,360,329,344,316,408,502,379,360,336,292,317,330,375,339,324,350,429,421,333,401,338,337,304,383,400,338,375,332,542,412,337,357,397,387,412,370,372,301,312,324,372,431,397,385,341,323,343,370,397,332,313,356,426,449,384,385,329,306,305,390,371,330,330,351,422,474,371,380,329,308,303,363,391,331,353,342,414,445,356,366,315,311,309,412,396,341,341,349,431,441,372,387,333,321,364,389,387,327,321,335,403,431,370,369,305,320,400,402,410,330,360,353,431,461,395,393,337,323,406,424,388,333,360,374,468,511,419,436,357,331,315,410,386,342,335,373,445,480,453,426,390,316,332,376,403,388,344,323,431,435,409,419,359,334,333,373,431,391,328,329,445,478,391,442,370,341,360,378,375,372,324,387,422,523,447,419,382,325,344,386,452,398,357,383,456,482,466,440,369,364,331,395,433,360,347,395,468,450,434,424,401
Residential : Massachusetts,1815,1492,1629,1341,1252,1468,1596,1786,1414,1315,1311,1565,1678,1542,1479,1305,1306,1365,1815,1993,1608,1366,1425,1812,1927,1707,1713,1452,1368,1392,1893,1995,1502,1409,1451,1783,2049,1729,1598,1433,1393,1562,1736,1831,1590,1439,1496,1913,1884,1628,1706,1406,1379,1704,2105,2115,1704,1500,1525,1883,1876,1555,1684,1314,1355,1652,2098,1982,1457,1382,1498,1770,1785,1832,1657,1422,1407,1592,1894,2025,1619,1486,1513,1906,1876,1743,1719,1418,1319,1548,2019,1804,1581,1297,1524,1790,1997,1786,1627,1471,1317,1385,1625,2057,1552,1445,1442,1769,2011,1900,1675,1419,1449,1783,2296,2101,1839,1494,1521,1921,2009,1848,1690,1547,1363,1615,2115,1982,1686,1439,1458,1721,1906,1650,1577,1366,1395,1621,2145,2190,1732,1427,1524,1781,1971,1790,1753,1481,1356,1652,2302,1930,1694,1408,1501,1889,2104,1888,1802,1446,1361,1490,1975,1774,1696,1360,1463,1711,2003,1960,1798,1454,1324,1514,1898,2043,1844,1401,1353,1584,1788,1665,1524,1365,1296,1496,1993,2264,1877,1378,1350,1696,1780,1551,1638,1370,1343,1604,1991,1921,1543,1374,1413,1810,2026,1625,1549,1406,1337,1520,2074,2228,1828,1425,1507,1760,1829,1610,1622,1332,1292,1406,2068,2054,1554,1339,1410,1704,1763,1578,1490,1450
Residential : New Hampshire,405,319,344,280,270,297,328,355,285,283,291,333,388,318,322,296,278,289,370,382,307,302,310,440,440,374,365,312,291,306,393,400,337,300,320,413,459,391,357,325,294,317,358,390,335,306,335,414,455,377,374,317,308,365,428,440,342,323,343,424,431,369,379,319,310,361,449,416,318,316,341,393,435,404,387,337,319,342,393,425,352,317,351,430,447,386,386,333,304,347,416,391,332,319,347,387,448,434,366,347,310,303,350,423,385,331,336,389,458,398,354,332,308,326,440,437,389,327,324,391,448,422,382,355,301,337,402,420,378,325,324,361,434,392,366,324,300,324,418,452,384,313,335,398,442,434,369,352,310,341,440,425,384,306,331,419,480,453,402,355,315,312,397,400,368,311,328,391,459,439,433,359,304,333,375,426,405,323,309,361,416,394,384,341,295,327,404,454,409,317,317,380,457,378,368,362,300,343,409,403,327,311,341,444,501,372,376,338,304,334,467,455,388,322,353,432,464,398,387,325,303,323,463,440,324,302,338,435,446,379,373,351
Residential : Rhode Island,257,218,241,198,196,217,239,283,216,201,196,236,258,212,228,200,202,202,302,312,243,199,217,254,289,232,264,218,202,222,299,330,228,220,226,268,302,247,243,225,213,228,278,286,257,218,227,275,292,246,255,215,212,257,322,348,277,233,233,283,267,241,247,208,212,248,329,335,224,214,223,261,261,269,260,220,219,244,296,360,253,235,226,288,273,253,255,214,213,250,355,291,228,202,251,257,290,230,247,210,216,208,259,350,211,226,215,275,277,246,230,211,222,263,368,310,266,222,228,275,289,251,248,224,206,257,371,306,263,225,230,260,269,240,237,213,217,249,354,362,245,229,233,273,299,243,263,214,216,264,406,290,233,220,231,284,308,246,282,217,211,236,330,273,267,212,227,262,300,279,263,210,212,239,320,342,277,227,216,251,281,237,234,210,204,244,349,369,274,219,214,247,265,231,250,209,211,249,320,312,260,203,224,294,274,234,233,217,211,233,361,378,280,221,232,251,280,238,235,195,210,225,351,335,243,205,210,254,258,225,213,208
Residential : Vermont,209,187,180,153,144,152,165,177,154,151,158,179,202,176,168,149,150,153,171,188,164,155,167,202,207,188,173,152,144,146,172,175,156,149,160,190,227,200,181,159,152,154,175,172,153,161,166,209,222,181,196,157,151,177,196,190,174,168,162,216,214,185,189,161,152,167,195,189,157,159,167,205,213,194,199,161,161,164,181,193,164,158,175,206,221,192,191,156,152,164,188,178,156,161,166,209,232,188,192,156,153,152,175,181,156,165,157,214,224,180,185,148,156,158,198,186,159,160,161,211,222,192,189,160,157,161,191,183,161,148,157,203,212,184,171,144,163,157,186,193,144,161,174,207,220,193,187,158,146,153,198,182,155,155,172,206,230,201,199,159,148,156,180,170,156,149,170,203,228,204,204,158,143,146,178,183,163,150,155,178,211,185,176,152,141,153,184,187,164,147,159,197,210,173,182,153,142,154,173,172,153,145,160,205,239,182,172,159,144,147,190,193,165,151,173,200,221,196,180,154,143,147,185,182,148,146,173,203,199,187,176,163
Residential : Middle Atlantic,11626,9850,9776,8494,7799,9251,10860,12001,9876,8268,8314,9642,10974,9196,9341,8611,8133,9700,12884,13270,10961,8906,8962,11421,12470,10847,10506,8862,8186,9097,12304,12842,10258,8678,8832,11252,12676,11205,10154,8961,8884,9958,12098,12170,10626,8891,9060,11380,12361,10954,11016,9051,8281,10875,14029,14760,11870,9643,9493,11834,11920,10679,10648,8651,8431,10436,13920,14135,10262,9091,9361,11304,11857,11712,11337,9499,9274,11153,13163,13662,11395,9782,9769,11977,12589,11437,10967,9095,8513,11310,13943,12667,10806,9105,9709,12063,13690,11429,10840,9375,8845,9608,11465,13259,10209,9154,9286,11826,13275,11599,10492,8675,9119,11801,15212,14379,11161,9158,9411,12225,13830,11762,10824,9384,9176,11062,14639,14031,11507,9243,9076,10900,12320,10956,9824,8642,9010,10995,14696,14385,11555,9017,9619,11212,12469,11662,11092,9525,9000,10980,14674,12914,10794,9033,9436,11995,13735,12456,11901,9580,8741,10382,12967,11970,10623,8735,9508,11464,13306,12633,12133,9319,9108,10852,13146,13707,12148,9119,8692,10410,12044,11363,10119,8717,8672,10829,14382,15478,12661,9137,9015,11381,12265,10310,10675,8776,8517,10721,13757,12857,10537,9250,9188,11715,13740,10929,10772,9548,9091,10766,14277,14646,12736,9687,9687,11702,12646,11581,11024,8658,8634,10417,14914,14236,11182,8873,9350,11567,11875,10628,9649,9551
Residential : New Jersey,2338,2015,1968,1739,1678,2293,2679,3055,2244,1799,1722,1962,2208,1836,1907,1805,1737,2331,3254,3224,2525,1876,1856,2613,2565,2113,2166,1782,1709,2171,3224,3306,2332,1806,1851,2342,2624,2292,2021,1826,2025,2464,3126,3074,2426,1882,1859,2400,2494,2231,2212,1884,1743,2765,3583,3756,2794,2097,1958,2456,2395,2191,2126,1734,1847,2637,3717,3477,2305,1893,1958,2340,2445,2285,2311,1915,2015,2846,3205,3392,2631,2126,2077,2503,2540,2293,2127,1811,1845,2845,3687,3056,2512,1948,2033,2413,2751,2151,2178,1935,1853,2267,2826,3421,2284,1891,1860,2414,2713,2237,2053,1801,2082,2991,3980,3502,2710,1905,1887,2446,2956,2174,2104,1812,2016,2689,3853,3360,2682,1880,1720,2152,2489,2056,1878,1736,1976,2701,3819,3588,2408,1846,2038,2128,2488,2130,2134,1749,1976,2683,3904,2989,2260,1875,1988,2368,2669,2242,2284,1805,1724,2556,3392,2884,2321,1793,1987,2237,2732,2266,2297,1728,2108,2678,3495,3419,2702,1817,1789,2112,2398,2131,1914,1692,1967,2624,3779,3877,2723,1883,1816,2287,2348,1912,2123,1677,1876,2699,3515,3070,2420,1905,1847,2368,2574,2004,2128,1803,1986,2656,3679,3814,2736,1969,1914,2268,2467,2089,2098,1626,1862,2641,3990,3402,2506,1809,1875,2294,2279,1968,1851,1947
Residential : New York,4175,3702,3683,3251,3091,3469,4220,4420,4042,3264,3258,3660,4078,3602,3527,3329,3256,3524,4765,5124,4355,3481,3416,4000,4433,4050,3919,3437,3246,3463,4517,4788,4266,3494,3450,4052,4473,4171,3825,3484,3335,3658,4403,4548,4315,3565,3503,4098,4483,4048,4036,3495,3253,3921,5138,5513,4895,3882,3640,4229,4357,3939,3930,3359,3233,3838,4964,5375,4188,3679,3543,4022,4323,4197,4040,3524,3613,4087,5062,5072,4440,3895,3713,4276,4446,4068,3953,3442,3276,4088,5073,4973,4275,3618,3546,4275,4760,4140,3967,3510,3472,3544,4305,4947,4163,3624,3565,4249,4669,4110,3915,3347,3409,4214,5659,5582,4277,3734,3612,4417,4717,4301,4038,3676,3557,4138,5387,5407,4600,3744,3621,4054,4397,4046,3792,3394,3548,4135,5485,5652,4764,3600,3666,4211,4466,4230,4036,3682,3531,4155,5550,5212,4464,3574,3469,4407,4871,4550,4301,3669,3458,3914,4902,4682,4332,3515,3598,4183,4660,4496,4427,3690,3444,4010,4864,5337,4950,3776,3380,3979,4342,4084,3872,3379,3323,4083,5379,5908,5109,3717,3513,4122,4451,3881,3953,3452,3304,4050,5210,5038,4214,3705,3603,4222,4848,4105,3940,3581,3472,4037,5419,5643,5146,3921,3718,4323,4493,4193,4051,3391,3397,3871,5486,5586,4357,3494,3527,4268,4352,3927,3799,3558
Residential : Pennsylvania,5113,4134,4125,3504,3031,3489,3961,4525,3589,3205,3333,4021,4688,3758,3907,3477,3141,3845,4865,4922,4082,3548,3690,4808,5472,4685,4421,3642,3231,3463,4563,4748,3659,3378,3531,4857,5578,4741,4308,3651,3524,3836,4568,4548,3884,3444,3698,4882,5384,4675,4768,3673,3286,4188,5308,5490,4181,3664,3895,5149,5167,4549,4592,3558,3351,3961,5239,5283,3769,3518,3861,4942,5090,5230,4986,4060,3646,4220,4895,5198,4323,3761,3979,5198,5603,5075,4887,3842,3393,4376,5183,4638,4019,3538,4129,5376,6178,5137,4695,3930,3520,3797,4333,4890,3762,3639,3861,5163,5892,5253,4524,3526,3627,4597,5573,5295,4174,3518,3911,5362,6157,5288,4681,3896,3603,4235,5399,5264,4224,3620,3735,4694,5434,4853,4154,3512,3485,4158,5392,5144,4383,3571,3915,4874,5515,5302,4923,4094,3493,4142,5220,4713,4069,3584,3979,5219,6195,5663,5316,4107,3559,3912,4674,4403,3971,3427,3924,5044,5914,5871,5409,3902,3556,4164,4786,4951,4497,3526,3523,4319,5304,5149,4333,3646,3382,4122,5224,5693,4829,3538,3686,4972,5467,4516,4599,3647,3337,3972,5032,4749,3903,3641,3738,5124,6318,4819,4704,4164,3633,4073,5179,5189,4854,3797,4055,5111,5685,5299,4875,3642,3375,3905,5439,5248,4319,3570,3948,5005,5245,4733,4000,4047
Residential : East North Central,18281,14070,13951,11605,11368,13451,17827,19596,12953,11605,11628,14973,17181,13469,14326,12516,11599,15324,21508,19722,15256,12492,13191,16788,18938,15833,15022,11573,11440,12985,18222,18719,14381,12039,12544,16845,19233,16072,14473,12123,12158,14811,17405,16221,14622,12145,12785,17183,18951,15067,15465,12165,11983,17170,21469,21291,15972,13444,13520,18183,17466,14986,15451,12085,12394,15409,21039,20541,13088,12915,14095,16976,18045,17410,15171,12689,13062,16669,18953,21294,16182,13557,13764,18002,19383,17367,16143,12697,11726,15788,19235,18020,14097,12488,14278,19222,20501,16130,15123,12628,11985,14995,16119,17142,13590,12767,13552,18020,20275,16696,14963,11612,12904,16729,21943,21349,14451,12049,13292,18832,20150,16460,15222,12548,12978,15973,22290,19938,13881,11876,13312,16991,18220,15265,13647,11384,13447,17166,23364,19169,13979,12211,13977,16812,18357,15982,16359,12973,12947,14842,19009,17604,14343,12701,14355,18573,20837,18163,16673,12404,12612,15664,16487,17240,13623,12174,14677,17405,19269,17617,16034,11735,12564,14714,18205,17872,15168,11781,12774,15420,18158,15730,13670,12022,12363,16417,20369,21074,15693,12194,12591,17615,17736,13672,14258,11591,12114,15863,19217,16767,14304,12328,13748,17676,19605,15386,14776,13194,13874,16800,20375,19554,15752,13156,14581,16772,18378,15937,15725,11833,11975,14322,21191,18005,15121,12562,14380,16440,16757,15674,13990,12867
Residential : Illinois,4276,3347,3227,2761,2724,3201,4594,5399,3470,2570,2499,3752,4071,3251,3353,3005,2713,3930,5814,5227,3695,2841,3125,4005,4454,3714,3497,2755,2640,3034,4798,4987,3657,2677,2946,4004,4579,3808,3362,2810,2911,3773,4555,4084,3656,2858,3003,4044,4677,3454,3655,2818,2798,4466,5931,5651,4106,3351,3289,4395,4117,3643,3647,2941,3165,3901,5776,5214,3212,3179,3445,4141,4321,4040,3345,2922,3235,4301,5048,5603,4078,3242,3478,4423,4582,4104,3563,3023,2903,4186,5057,4621,3431,3128,3564,4618,4772,3589,3525,3071,2910,4063,4128,4334,3431,3087,3222,4192,4833,4033,3523,2846,3123,4327,5991,5696,3772,2957,3099,4383,4684,3976,3502,3013,3108,4056,5911,5168,3690,2931,3155,3864,4152,3631,3219,2722,3206,4531,6330,5149,3825,3022,3243,3872,4276,3790,3763,3177,3164,3820,4905,4703,3711,3119,3493,4451,4791,4315,3869,2939,3153,4096,4228,4691,3306,2951,3623,4047,4408,4071,3716,2763,3005,3772,4740,4656,3790,2857,3145,3721,4209,3617,3181,2814,3004,4456,5272,5405,3945,2971,2983,4132,4149,3187,3238,2672,2878,4212,5085,4218,3803,2913,3316,4047,4495,3619,3401,3044,3466,4431,5219,5203,3925,3128,3427,3868,4346,3664,3654,2747,2875,3687,5605,4549,3853,3042,3436,3811,3921,3655,3234,2898
Residential : Indiana,3399,2504,2408,1935,1893,2313,3021,3201,2169,2051,1987,2539,2934,2455,2503,2092,1929,2582,3562,3357,2729,2187,2306,2933,3443,3074,2552,1921,1856,2171,2968,3215,2511,2004,2095,2917,3401,3010,2471,2061,2107,2600,3008,2833,2541,2056,2157,2949,3367,2759,2702,2087,2007,2797,3501,3525,2907,2311,2353,3311,3085,2690,2704,2079,2031,2659,3448,3491,2448,2192,2465,2995,3214,3392,2746,2236,2266,2873,3269,3690,3000,2386,2408,3165,3553,3289,2930,2187,1930,2776,3346,3200,2558,2161,2523,3527,3875,3108,2565,2120,2089,2661,2853,3051,2411,2180,2316,3319,3906,3198,2707,1915,2209,3045,3845,3754,2574,2044,2335,3528,3814,3080,2698,2007,2273,2862,3971,3476,2404,2060,2288,2979,3307,2788,2340,1883,2435,2984,4049,3289,2408,2105,2465,2911,3422,2983,3016,2185,2187,2617,3212,3108,2579,2220,2445,3432,4047,3524,2983,2087,2167,2771,2905,2919,2478,2088,2584,3151,3645,3357,3008,1939,2158,2628,3177,3121,2606,2042,2096,2663,3348,3021,2384,2028,2098,2844,3431,3613,2804,2111,2147,3197,3227,2407,2482,1978,2113,2750,3328,3020,2498,2168,2348,3234,3700,2905,2642,2306,2441,2978,3444,3341,2829,2351,2556,3081,3340,2957,2792,2016,2080,2517,3461,3203,2772,2201,2473,2928,2995,2845,2482,2150
Residential : Michigan,3178,2513,2657,2185,2234,2714,3313,3746,2376,2283,2323,2783,3103,2442,2649,2422,2325,2813,4024,3639,2924,2484,2471,3039,3336,2682,2813,2319,2245,2636,3425,3434,2758,2457,2477,3089,3351,2801,2788,2332,2413,2653,3156,3015,2750,2359,2439,3049,3370,2764,2864,2314,2377,3333,4073,4135,2953,2481,2433,2998,3171,2623,2862,2239,2451,2974,3959,3976,2289,2471,2496,3111,3232,2783,2737,2448,2455,3119,3493,4037,2759,2564,2515,3223,3357,2929,2924,2427,2223,2846,3598,3210,2629,2323,2468,3363,3354,2791,2825,2394,2183,2536,2902,3103,2522,2415,2648,3180,3282,2698,2713,2204,2549,2982,3989,3865,2497,2181,2521,3200,3361,2809,2938,2455,2379,2933,4008,3663,2355,2172,2528,3208,3343,2654,2609,2190,2541,3088,4367,3308,2447,2242,2587,3085,3350,2731,2927,2408,2476,2609,3662,3120,2492,2362,2606,3269,3545,2905,3050,2356,2336,2839,2928,3061,2490,2304,2591,3109,3428,2861,2882,2266,2380,2546,3345,3235,2851,2221,2438,2904,3195,2692,2582,2308,2391,2965,3781,3914,2828,2373,2384,3129,3212,2496,2687,2206,2331,2904,3482,3037,2534,2422,2516,3150,3398,2640,2701,2476,2534,2987,3959,3602,2788,2360,2644,3040,3206,2786,2812,2249,2219,2530,3953,3255,2485,2302,2670,2964,2944,2739,2673,2522
Residential : Ohio,5433,4012,4034,3279,3108,3562,4809,5084,3445,3197,3319,4064,5127,3685,4120,3447,3156,4203,5754,5381,4156,3454,3588,4793,5610,4610,4399,3087,3172,3563,4994,4868,3771,3338,3363,4846,5711,4630,4162,3416,3239,4104,4786,4453,3892,3323,3544,5038,5379,4395,4492,3441,3295,4510,5668,5691,4216,3676,3794,5348,5083,4284,4486,3337,3233,4111,5472,5632,3487,3473,3998,4780,5273,5195,4586,3582,3582,4475,4954,5682,4490,3727,3726,5104,5612,5030,4851,3451,3140,4329,5215,5019,3895,3364,3985,5522,6196,4770,4313,3423,3300,4091,4446,4818,3714,3515,3649,5170,5956,4956,4284,3146,3406,4633,5786,5719,4066,3331,3680,5511,6061,4724,4265,3427,3666,4421,5971,5512,3898,3202,3648,4892,5327,4376,3785,3107,3694,4570,6000,5472,3721,3320,3990,4925,5113,4586,4798,3556,3568,4103,5117,4696,3918,3471,4032,5201,6060,5375,4835,3399,3439,4251,4632,4585,3808,3314,4095,5012,5607,5411,4674,3272,3536,4196,4894,4897,4148,3208,3467,4183,5232,4611,3863,3350,3374,4367,5601,5917,4485,3244,3471,5009,5001,3878,4118,3233,3305,4225,5212,4708,3779,3381,3804,5150,5789,4379,4257,3739,3784,4580,5474,5244,4537,3772,4115,4782,5275,4584,4577,3260,3290,3995,5811,5086,4346,3458,3984,4708,4773,4624,3818,3634
Residential : Wisconsin,1995,1695,1626,1445,1409,1661,2090,2166,1493,1504,1499,1835,1945,1636,1702,1551,1476,1797,2354,2118,1753,1526,1701,2019,2095,1754,1762,1491,1528,1580,2037,2215,1685,1564,1663,1989,2192,1823,1691,1504,1489,1680,1901,1836,1783,1548,1641,2104,2157,1695,1752,1505,1505,2064,2296,2289,1789,1625,1651,2131,2011,1746,1752,1488,1515,1764,2384,2229,1652,1600,1690,1949,2004,1999,1757,1502,1525,1901,2189,2282,1856,1637,1636,2087,2279,2015,1874,1610,1531,1650,2020,1969,1585,1512,1738,2193,2305,1872,1895,1620,1502,1643,1791,1838,1511,1570,1716,2159,2298,1812,1735,1502,1617,1742,2333,2315,1542,1536,1658,2211,2229,1871,1818,1646,1552,1701,2429,2118,1533,1511,1693,2048,2091,1816,1695,1481,1571,1994,2618,1951,1578,1521,1692,2019,2196,1893,1855,1647,1551,1694,2112,1976,1643,1528,1779,2220,2394,2044,1935,1622,1518,1707,1794,1983,1541,1517,1785,2087,2180,1917,1754,1495,1486,1571,2048,1963,1772,1453,1627,1949,2174,1790,1660,1521,1495,1786,2285,2224,1631,1495,1607,2147,2147,1704,1733,1502,1488,1772,2110,1784,1690,1444,1765,2095,2223,1843,1775,1629,1649,1824,2279,2164,1673,1544,1838,2001,2211,1946,1890,1562,1511,1591,2361,1913,1665,1559,1818,2029,2123,1811,1784,1662
Residential : West North Central,8950,7727,6922,5908,6002,7264,10242,10357,7086,5774,6011,7517,8400,7125,7231,6268,5915,8225,10881,10150,8402,6531,6706,8321,9124,8254,7486,6086,5874,6960,10332,10772,7707,6065,6654,8416,9517,8549,7273,6068,6406,7679,9315,8603,7829,6461,6624,8688,9735,7737,7551,6308,6403,8719,11275,10607,8751,6965,6841,9319,9008,8014,7869,6514,6583,8797,11438,11147,7639,6682,7182,8961,9591,9436,7948,6616,7069,8543,10866,11689,9040,7102,7105,9455,10723,9895,8897,7162,6586,8154,10264,10046,7397,6506,7501,10611,11453,9166,8536,7223,6628,8265,9430,9156,7284,6852,7361,10360,11985,9565,8661,6585,6778,9272,11264,11620,7953,6407,7109,10584,11475,9667,8686,6894,6994,8871,11909,11076,7661,6298,7182,9568,9882,8729,7734,6250,7163,9260,12602,10404,7562,6469,7402,9342,10866,9204,9210,7547,7020,8133,10328,9874,8562,6929,7762,10878,12115,10648,9378,7110,7084,8532,9530,9947,7793,6658,7959,10154,10981,9755,8650,6390,6460,8398,10441,9704,8346,6547,6812,9138,10640,8947,7589,6389,6404,9396,10862,10603,8332,6790,6715,10194,10769,8051,7863,6535,6650,8718,10888,9048,7936,6901,7431,9739,11683,9489,8562,7510,7783,9931,10898,10360,8357,7187,8216,9916,10765,9937,9237,6610,6763,8197,10607,9818,8581,7342,7899,9626,10324,9126,8135,7202
Residential : Iowa,1197,1001,948,824,810,997,1409,1446,906,820,1010,1063,1143,964,985,873,823,1120,1555,1367,1110,886,965,1131,1199,1091,1007,866,789,961,1404,1463,1023,892,956,1117,1304,1144,950,843,865,1016,1286,1117,1057,923,962,1158,1324,1011,1016,886,859,1125,1655,1433,1124,953,937,1247,1256,1040,1036,905,824,1182,1601,1456,1011,876,962,1196,1239,1271,1084,907,918,1148,1567,1593,1191,973,926,1241,1504,1336,1246,1022,918,1048,1365,1315,953,892,1021,1454,1665,1226,1185,1006,882,1021,1257,1173,912,954,1027,1416,1658,1240,1152,958,972,1212,1475,1513,993,899,1005,1479,1557,1265,1209,993,969,1155,1576,1394,970,858,1005,1378,1373,1214,1103,879,950,1248,1732,1332,989,859,1007,1302,1535,1267,1287,1065,985,1065,1381,1359,1136,949,1103,1493,1688,1436,1279,1028,961,1111,1248,1305,991,918,1035,1425,1565,1259,1191,897,897,1061,1433,1220,1161,873,884,1347,1541,1188,1123,928,838,1286,1444,1390,1081,903,905,1468,1522,1143,1111,918,882,1216,1437,1200,985,972,1011,1325,1638,1294,1226,1069,978,1326,1421,1412,1069,949,1068,1392,1501,1385,1354,868,919,1047,1472,1298,1054,1009,1010,1325,1479,1252,1129,1017
Residential : Kansas,1085,867,850,755,844,1148,1743,1602,886,711,690,880,1045,826,872,768,824,1255,1610,1633,1281,878,805,947,1065,925,890,764,820,1116,1690,1702,1059,748,798,1026,1090,984,854,741,940,1186,1420,1322,1179,829,810,1062,1153,865,860,762,898,1330,1657,1593,1340,929,846,1172,1078,912,907,816,942,1403,1758,1753,1039,854,889,1152,1198,1110,921,809,938,1218,1564,1840,1219,921,924,1145,1282,1123,952,813,884,1303,1615,1550,1021,835,877,1247,1286,984,919,855,885,1350,1481,1430,1014,837,866,1241,1508,1085,996,758,873,1471,1746,1811,1205,815,851,1215,1368,1170,960,790,909,1466,1927,1780,1127,825,863,1158,1174,957,881,776,1032,1471,1951,1610,1125,843,870,1106,1248,987,1048,859,882,1249,1546,1472,1287,871,897,1247,1393,1190,1051,757,921,1261,1495,1543,1187,823,925,1138,1285,1116,950,709,813,1350,1619,1464,1276,821,807,1032,1254,982,806,720,853,1501,1702,1586,1270,887,801,1147,1225,827,860,764,899,1303,1667,1377,1242,898,847,1104,1350,986,937,831,1158,1560,1669,1506,1212,891,977,1110,1215,1113,981,766,887,1259,1585,1498,1392,926,915,1081,1130,1017,893,834
Residential : Minnesota,1811,1628,1477,1266,1322,1561,2117,2196,1502,1372,1420,1728,1804,1535,1594,1402,1350,1673,2344,2035,1747,1566,1587,1811,1987,1710,1654,1399,1363,1486,2039,2218,1792,1505,1607,1876,2074,1806,1672,1413,1382,1546,1940,1796,1713,1575,1613,1976,2129,1641,1686,1474,1420,1883,2445,2136,1720,1580,1646,1982,1988,1747,1736,1473,1480,1815,2546,2295,1722,1582,1609,1916,2037,1965,1744,1513,1501,1904,2384,2319,1976,1645,1620,2037,2318,2137,1984,1702,1543,1590,2089,1932,1554,1508,1733,2269,2446,2050,1974,1666,1520,1606,1782,1809,1619,1618,1721,2222,2404,1949,1867,1520,1564,1760,2188,2268,1569,1467,1676,2233,2351,2003,1994,1626,1569,1741,2333,2105,1590,1481,1670,2062,2153,1935,1797,1507,1522,1852,2465,1975,1548,1522,1724,2060,2336,2034,1960,1724,1562,1689,2155,2042,1706,1558,1758,2325,2499,2202,2067,1680,1587,1753,1914,2011,1595,1534,1765,2184,2293,1985,1874,1541,1471,1694,2057,1918,1712,1519,1602,2047,2235,1911,1759,1490,1474,1799,2113,2117,1610,1508,1589,2199,2311,1829,1831,1518,1495,1757,2062,1768,1639,1503,1733,2128,2348,1995,1907,1662,1636,1937,2125,2112,1663,1569,1784,2098,2249,2030,2002,1555,1484,1648,2082,1871,1591,1576,1736,2082,2184,1910,1837,1654
Residential : Missouri,3234,2727,2313,1936,1999,2446,3394,3452,2539,1838,1810,2480,2893,2429,2363,2044,1853,2892,3650,3502,2940,2065,2082,2970,3248,2992,2494,1919,1855,2333,3601,3670,2538,1889,2035,2848,3279,3003,2405,1969,2155,2776,3273,2976,2591,2003,2035,2886,3280,2719,2612,2026,2151,3090,3771,3811,3140,2359,2211,3243,2983,2788,2642,2071,2233,3027,3873,3996,2653,2227,2381,3008,3232,3277,2604,2138,2531,2997,3677,4224,3317,2391,2311,3174,3575,3382,3036,2249,2056,2998,3618,3636,2647,2105,2474,3612,3819,3060,2716,2279,2125,3029,3399,3315,2504,2178,2305,3493,4141,3438,2895,2052,2176,3445,4164,4206,2835,2105,2209,3636,4003,3311,2699,2125,2249,3178,4342,4048,2668,1972,2260,3087,3276,2827,2377,1895,2466,3232,4487,3744,2587,2068,2365,3011,3566,3006,3097,2336,2265,2855,3534,3385,2950,2244,2451,3627,4136,3694,3024,2120,2300,3016,3285,3487,2671,2087,2643,3329,3637,3500,2923,1941,2103,2938,3591,3467,2813,2059,2143,2798,3460,3063,2385,1960,2059,3273,3801,3759,3019,2206,2083,3286,3439,2521,2414,2018,2160,2991,3884,3138,2737,2249,2292,3208,4040,3169,2679,2404,2665,3495,3869,3637,3031,2431,2744,3299,3605,3264,2880,2051,2217,2864,3678,3511,3148,2386,2619,3129,3358,3061,2550,2209
Residential : Nebraska,853,771,697,590,559,650,953,1007,733,560,554,711,775,710,740,604,571,766,1035,981,766,605,649,755,824,780,733,581,573,608,988,1041,736,534,638,816,920,823,725,563,584,682,835,829,754,598,598,846,958,765,699,601,577,754,1065,972,842,608,591,878,895,762,799,654,588,821,984,979,677,589,672,873,979,918,838,613,647,725,982,1026,763,623,663,971,1057,956,836,695,613,701,948,946,669,618,679,1037,1122,887,849,686,623,709,909,820,667,634,723,999,1168,896,911,640,618,807,999,1084,756,569,650,1008,1086,942,891,632,682,756,1019,1026,702,588,666,957,941,880,791,581,632,860,1165,1014,705,570,679,862,1061,901,875,741,681,686,969,917,824,666,703,1039,1144,974,925,691,650,769,902,894,728,638,716,998,1061,862,813,612,584,736,1000,888,749,661,628,939,1036,869,722,609,594,875,1053,968,740,649,617,1006,1085,795,763,639,619,819,1062,875,723,646,705,938,1121,963,860,733,690,921,1049,920,752,650,764,990,1060,1003,997,648,626,751,1042,934,774,723,758,970,1042,905,827,698
Residential : North Dakota,394,389,326,267,231,214,283,284,238,240,266,347,386,342,353,287,246,240,300,273,261,277,323,376,421,402,375,280,229,215,270,302,256,250,327,382,451,409,343,272,237,216,251,249,245,276,315,399,466,385,349,276,239,245,296,288,257,264,320,410,403,398,381,289,246,252,305,289,251,280,343,417,459,457,380,320,249,254,311,298,259,268,344,469,507,493,433,327,269,232,278,297,257,270,370,526,579,494,466,360,289,257,268,271,268,321,362,513,554,486,414,312,269,264,309,326,271,273,383,530,577,498,485,356,298,263,322,317,281,287,378,489,506,473,395,303,272,269,369,327,274,317,412,568,594,540,497,425,322,279,355,318,298,322,463,625,682,629,554,447,346,301,326,334,304,350,495,589,615,571,481,359,300,296,352,356,300,309,403,520,600,487,411,353,289,301,345,366,287,333,382,589,630,490,477,345,291,292,360,324,290,321,463,566,633,576,487,413,321,321,356,360,293,358,478,538,616,605,522,349,304,291,343,325,290,377,463,558,601,514,462,404
Residential : South Dakota,376,344,312,269,236,249,342,370,280,233,261,308,354,319,323,288,247,278,387,360,297,254,295,332,380,354,332,276,245,242,340,376,304,246,294,351,399,379,323,267,244,257,311,314,291,257,292,361,425,351,329,282,259,293,386,373,329,270,289,387,403,368,368,307,271,298,370,380,288,274,326,398,448,439,377,315,284,296,381,389,315,281,316,419,481,467,410,353,303,283,350,371,295,279,348,465,535,466,427,371,305,293,335,338,300,309,358,475,553,470,426,345,307,314,383,412,324,277,335,483,534,479,448,371,319,312,389,405,323,286,340,437,461,442,391,309,288,329,433,403,332,290,344,432,525,470,445,397,322,311,387,381,360,319,385,522,573,524,477,385,318,321,360,373,318,308,380,491,526,463,417,330,292,323,389,390,334,306,346,456,513,448,383,329,296,362,405,418,325,305,337,499,557,446,407,332,303,342,416,367,319,311,381,471,553,506,466,399,335,371,411,413,336,338,403,489,519,537,500,373,326,337,404,382,331,346,399,480,530,467,435,387
Residential : South Atlantic,33138,24672,21907,20410,19630,25005,29134,30472,27184,20626,19769,21766,29153,23464,22813,20751,22699,26942,31890,33656,29603,24482,22382,27671,32047,29982,24598,20375,21964,25557,32279,32531,29219,22519,21040,28450,32570,29375,24549,21139,23713,30402,34421,32314,27964,23713,21854,28290,31529,27630,26413,21281,21640,28771,35944,36937,33279,26362,22527,30072,30260,26163,25246,22104,23593,30539,36434,38157,30980,24676,23878,27841,30122,31083,26133,22412,24235,30332,35128,38890,34158,26886,24067,28120,32679,28468,25102,22438,23468,32363,35702,34986,31133,24434,23853,30224,33126,29614,26238,22138,23965,30293,36173,35588,30047,25467,23285,30094,39678,32510,28918,21229,24401,34248,40218,39180,33393,24616,23058,34062,38624,28874,24090,22941,24858,33852,38379,38406,31525,23457,22547,26902,30533,25737,23907,21395,25642,30159,37910,36066,29575,24001,24280,27552,30885,27671,28042,23506,23368,30161,34788,34110,30026,24823,24827,30745,37016,32050,28363,22789,24902,30568,35261,34415,30824,24333,24993,30193,34881,32492,30187,22728,25901,32680,38151,36291,30924,24601,23712,26709,33148,30363,25265,22139,25096,32896,40388,39563,33632,25665,23588,29683,30802,24207,25588,23247,26460,31609,38214,36455,30109,27051,24950,30599,39503,27621,26697,24001,26598,33509,37969,37285,34215,28755,26932,31050,32923,28132,27196,23231,28303,32953,39251,37523,34648,28095,26374,29885,30076,27723,25873,25210
Residential : Delaware,417,350,330,278,231,268,373,379,351,246,246,264,379,318,305,279,253,299,421,462,384,283,277,361,418,437,386,295,258,273,415,434,392,271,264,347,430,462,349,314,281,336,405,420,410,281,276,342,422,442,415,322,257,328,460,515,449,327,280,377,429,385,376,299,246,310,439,503,387,266,283,337,388,432,426,318,272,339,429,468,429,308,293,368,444,424,375,304,261,339,466,459,385,288,282,401,468,442,387,316,269,312,393,446,394,276,273,360,509,435,420,294,270,355,550,519,436,297,276,398,522,447,363,325,267,380,483,512,411,291,288,344,427,381,338,280,286,381,578,543,340,244,354,370,491,454,350,311,282,362,513,431,357,267,320,432,518,483,447,334,271,342,477,421,359,271,319,402,584,503,522,272,281,400,487,469,399,291,317,325,450,440,377,303,295,375,505,547,468,312,298,394,459,383,390,329,293,371,502,474,407,318,314,424,550,424,422,380,313,374,519,517,458,346,340,428,480,463,426,318,306,395,529,539,422,318,335,434,426,405,379,341
Residential : District Of Columbia,201,155,136,108,116,161,193,168,118,100,122,121,142,94,128,105,163,167,154,264,183,100,120,169,184,170,145,98,85,142,212,216,152,74,132,145,202,162,126,116,131,164,201,218,123,108,113,170,176,147,121,107,124,186,227,221,164,108,123,234,185,150,161,104,95,167,209,203,147,105,136,161,160,181,169,111,124,172,215,222,172,131,124,189,183,162,145,120,108,175,236,207,153,120,125,182,207,165,148,119,121,152,197,225,153,112,126,173,216,181,145,111,135,201,281,237,169,126,121,199,230,172,134,134,127,202,272,240,150,118,121,162,184,167,133,105,137,179,264,242,162,118,135,178,168,181,199,129,121,175,245,228,146,125,133,184,219,198,190,151,126,167,226,192,163,132,132,179,375,149,215,178,127,241,274,236,225,154,125,200,193,248,174,160,126,257,265,286,285,174,141,193,222,180,186,165,154,222,288,243,202,170,173,189,259,198,206,176,167,222,263,266,241,193,188,214,230,216,212,156,181,210,300,267,229,183,168,195,228,181,167,165
Residential : Florida,10458,7892,6794,6919,6996,9177,10116,10270,10518,8049,7030,7157,9174,7342,7275,7410,8812,9558,10256,11141,10863,9834,8341,8159,9820,9283,7844,7584,8653,10079,11165,11169,11068,9278,8100,8607,9518,8435,7677,7016,8239,10978,12116,11246,10557,9745,8087,8589,9377,8381,7889,7489,7982,10355,12233,12656,12481,10453,7864,8631,9299,8101,7729,7941,9174,11177,12135,12798,11866,9988,8314,8530,9015,8721,7990,7755,8743,10352,12108,13016,12562,10581,8582,8392,9361,8077,7674,7829,8779,11312,11546,11756,11908,9540,7712,8444,8930,8835,7571,7556,8799,10648,12361,11926,11426,10332,8581,8508,11631,9336,8920,7175,8840,11701,12809,12969,12049,9395,8011,9408,10535,8377,7198,8164,9364,11421,12079,12822,11954,9235,7435,7757,8438,7503,7909,8027,9281,10728,12039,12409,11004,9575,7483,7730,8418,7597,7949,8220,8816,10692,11583,12077,11296,9910,8151,8585,9299,9051,8097,8018,9322,10575,12035,12711,11585,9641,7772,8430,9064,8355,9257,9047,9900,11582,12935,12720,11900,10023,9212,8763,9131,8592,8427,8337,9844,11884,13992,13498,12299,10385,8291,8640,8825,7673,8037,8756,10423,11423,13153,13277,11798,10742,8652,8703,10472,8707,8309,8568,9430,11592,13123,13033,12619,11448,9234,8991,9010,8453,8567,8677,10525,12229,13175,12979,12788,11354,9038,8580,8764,8248,8952,9988
Residential : Georgia,4840,3398,3085,2949,3091,3830,4924,5138,4149,2965,2798,3215,4356,3427,3405,3026,3386,4340,5381,5612,4715,3624,3139,4189,4848,4170,3406,2884,3274,3959,5192,5375,4691,3172,2871,4333,4954,4412,3619,3087,3701,4953,5741,5452,4346,3468,3063,4328,4673,4185,3872,3160,3319,4498,5852,5964,5345,4086,3268,4606,4615,3922,3766,3390,3665,5145,6341,6640,5277,3786,3592,4381,4787,4790,3948,3410,3851,5286,5800,6845,5573,4142,3549,4245,5279,4483,3832,3373,3777,5506,6147,6087,5051,3688,3653,4711,5193,4501,3943,3357,3806,5170,6452,5997,4837,3787,3323,4790,6396,5208,4613,3466,3919,5755,6956,6931,5729,3832,3401,5348,6224,4724,3693,3482,3988,5799,6689,6747,5272,3505,3349,4277,4810,3979,3708,3402,4166,4993,6388,5818,4875,3579,3696,4245,4684,4302,4310,3445,3626,4932,5456,5597,4932,3720,3788,4752,6224,5027,4240,3423,3923,5084,5787,5820,5130,3797,4114,4600,5528,5221,4301,3356,4003,5288,6429,6215,4880,3710,3508,3981,5328,4741,3768,3363,3947,5472,6795,6568,5689,4088,3581,4549,4738,3687,3781,3651,4084,5039,6189,6015,4882,4202,3758,4745,6431,4248,3903,3501,4251,5685,6297,6074,5823,4391,4108,4977,5309,4292,4085,3567,4680,5344,6438,6452,6039,4413,4048,4676,4910,4520,4056,3638
Residential : Maryland,2782,2214,2119,1795,1582,2062,2225,2488,1824,1583,1638,1982,2240,2024,1976,1729,1601,2211,2667,2813,2110,1706,1833,2578,2838,2704,2431,1879,1643,1793,2559,2669,2286,1621,1734,2514,2953,2799,2281,2034,1943,2275,2507,2599,2227,1881,1877,2575,2832,2464,2439,1731,1673,2402,2913,3003,2428,1845,1971,2739,2539,2454,2353,1738,1697,2182,2903,2928,1981,1793,1919,2419,2622,2948,2389,1944,1806,2294,2750,2895,2278,1854,1869,2548,2751,2645,2332,1783,1642,2281,2750,2510,2105,1784,2021,2540,3037,2512,2306,1840,1712,2052,2466,2753,2018,1816,1828,2604,3061,2706,2243,1768,1879,2504,3167,2888,2255,1764,1866,2833,3129,2461,2201,1772,1727,2355,3094,2740,2114,1730,1740,2233,2644,2294,1940,1643,1767,2202,3063,2803,2126,1727,2093,2377,2785,2485,2377,1794,1821,2193,2856,2508,2056,1813,2085,2675,3278,2761,2557,1814,1767,2190,2552,2358,2017,1663,2082,2448,3312,3076,2550,1746,1923,2125,2748,2605,2048,1552,1687,2032,2914,2549,2113,1711,1676,2192,3014,2957,2275,1595,1787,2534,2605,2094,2234,1670,1696,2288,2858,2408,1951,1666,1933,2681,3233,2288,2443,1870,1865,2196,2773,2744,2249,1808,2106,2563,2973,2473,2361,1578,1827,2229,3005,2696,2151,1627,2040,2560,2561,2283,1963,1807
Residential : North Carolina,5555,4136,3535,3342,3004,3691,4551,4684,4280,3007,3077,3338,5029,4004,3740,3206,3357,4062,5123,5364,4553,3562,3255,4599,5158,5224,3961,2926,3186,3642,5078,4993,4481,3076,2897,4727,5482,5098,4077,3375,3488,4751,5347,4934,4193,3303,3077,4592,5315,4700,4464,3350,3197,4258,5636,5788,5167,3784,3337,5076,5095,4233,4139,3440,3371,4632,5641,6027,4755,3418,3585,4515,5038,5382,4316,3435,3671,4717,5512,6247,5560,3937,3680,4599,5676,4970,4075,3537,3480,5051,5877,5707,4737,3577,3749,5316,5838,5184,4641,3587,3623,4769,5987,5720,4677,3649,3439,5195,7134,5646,5166,3465,3655,5386,6663,6381,5374,3716,3524,6051,7167,4838,4047,3549,3650,5644,6387,6272,4738,3386,3745,4631,5513,4395,3925,3105,4003,4752,6314,5723,4508,3404,4106,4924,5700,4849,5032,3767,3407,4726,5623,5445,4622,3525,3918,5638,6777,5615,4997,3559,3839,4933,5765,5237,4820,3521,3990,5598,6210,5814,5231,3233,3787,5305,6342,5649,4766,3552,3371,4641,6040,5259,4194,3265,3715,5316,6394,6338,5280,3616,3785,5256,5390,3989,4307,3371,4050,5050,6181,5774,4584,3947,4077,5414,7310,4684,4467,3698,4375,5586,6153,6009,5351,4257,4361,5372,5804,4766,4507,3630,4480,5115,6277,5942,5504,4223,4206,5217,5335,4835,4098,3797
Residential : South Carolina,3066,2170,1729,1696,1627,2095,2523,2658,2430,1604,1581,1696,2628,2039,1966,1638,1813,2246,2783,2992,2599,1997,1693,2394,2746,2660,2002,1522,1722,2068,2810,2761,2488,1692,1496,2453,2883,2647,2187,1629,1998,2661,3046,2725,2251,1768,1662,2452,2770,2418,2203,1676,1773,2403,3076,3105,2768,2132,1801,2550,2553,2184,2087,1824,1919,2635,3241,3315,2591,1875,1927,2386,2544,2645,2118,1790,2006,2622,3084,3413,2936,2116,1949,2344,2896,2457,2079,1799,1970,2880,3226,3183,2612,1926,2020,2679,2859,2556,2280,1739,2026,2690,3317,3148,2521,1948,1814,2659,3602,2898,2590,1746,2057,3022,3612,3487,2889,1975,1862,3113,3605,2572,1930,1839,2090,3076,3520,3443,2654,1820,1897,2357,2697,2153,1909,1679,2157,2564,3374,3090,2465,1864,2017,2397,2688,2353,2441,1885,1812,2577,3025,2952,2544,1895,1972,2666,3384,2856,2390,1806,2088,2734,3155,2962,2662,1898,2057,2724,3101,2824,2505,1624,2026,2872,3463,3207,2514,1898,1782,2244,2958,2676,2021,1682,2056,2900,3620,3472,2762,2017,1943,2507,2620,1921,2057,1833,2199,2720,3339,3172,2494,2233,2040,2598,3706,2249,2058,1841,2283,3045,3334,3233,2886,2363,2178,2677,2845,2309,2130,1891,2493,2850,3434,3351,2984,2340,2117,2581,2671,2471,2134,1921
Residential : Virginia,4514,3369,3260,2566,2349,3072,3435,3840,2802,2417,2583,3119,4043,3265,3101,2591,2599,3369,4228,4038,3361,2702,2946,4116,4709,4190,3486,2499,2515,2957,3986,4008,2948,2627,2791,4159,4778,4256,3288,2795,3181,3538,4148,3865,3132,2556,2927,4040,4676,3855,3926,2696,2653,3502,4534,4634,3678,2958,3013,4537,4275,3666,3572,2697,2742,3531,4559,4708,3302,2714,3202,3939,4305,4655,3704,2854,3027,3688,4323,4695,3810,3079,3128,4215,4698,4049,3501,2890,2743,3983,4499,4184,3406,2777,3291,4575,5078,4188,3897,2829,2895,3729,4134,4443,3271,2765,3019,4514,5562,4747,3678,2494,2952,4431,5095,4702,3690,2809,3062,5216,5605,4102,3480,2898,2944,4141,4827,4551,3483,2676,3075,3990,4493,3751,3159,2459,3124,3550,4901,4448,3348,2739,3411,4152,4680,4234,4156,3123,2790,3657,4516,4033,3315,2843,3477,4591,5611,4753,4240,2912,2854,3708,4353,3864,3356,2717,3506,4570,5228,5064,4480,2597,3089,4005,4565,4238,3453,2739,2934,3539,4703,4602,3305,2609,2756,3684,4794,4829,3735,2820,2975,4374,4721,3422,3532,2788,2903,3728,4757,4209,3136,3065,3140,4581,5998,3823,3795,3132,3144,3989,4527,4486,3780,3169,3500,4619,4949,4063,3833,2742,3149,3826,5063,4352,3738,2945,3487,4468,4040,3726,3279,2797
Residential : West Virginia,1304,989,918,757,634,651,795,847,712,656,692,873,1164,950,916,766,716,691,876,970,835,675,779,1105,1325,1145,935,689,628,644,862,907,712,708,755,1165,1370,1103,946,773,751,746,910,855,723,603,772,1202,1287,1037,1085,749,662,839,1013,1052,800,670,868,1323,1268,1068,1063,671,685,760,965,1036,675,730,920,1172,1263,1330,1071,795,737,864,908,1089,839,739,893,1221,1390,1201,1089,803,709,835,956,893,776,734,999,1375,1517,1229,1064,794,714,771,865,929,751,781,882,1290,1568,1353,1142,710,695,893,1085,1067,800,703,934,1495,1606,1181,1044,779,701,834,1027,1080,748,697,897,1151,1327,1114,886,696,721,810,991,988,747,751,984,1180,1271,1215,1229,830,692,846,971,838,758,725,983,1223,1707,1309,1205,772,714,836,911,849,733,693,1023,1241,1479,1485,1126,675,767,862,908,953,741,681,777,983,1430,1257,886,708,682,815,1010,1069,839,657,787,1235,1223,858,1064,683,659,767,947,882,655,709,862,1264,1543,1000,1093,835,769,820,980,924,809,781,917,1209,1322,1097,1073,671,662,755,1030,946,793,693,935,1174,1141,1055,846,756
Residential : East South Central,12572,8990,7733,7221,6996,8554,10759,11462,9813,6836,6602,7751,10919,8516,8579,7066,7450,9465,11798,12178,11034,8039,6980,9941,11493,10791,8391,6546,7411,8319,11113,11576,10620,7053,6632,9543,11548,10500,8351,7066,7619,10132,11452,10984,9796,7672,6920,9363,11135,9696,8897,7151,7169,9735,12303,12527,11578,9249,7441,10466,10898,9414,8945,7624,7605,10146,12680,13403,10933,7890,7865,9914,10505,11636,9195,7516,8175,10416,12287,13606,12616,8974,7705,9603,11684,11077,9482,7582,7443,10551,12255,12372,10636,8031,7985,10888,11830,10885,8988,7373,7717,9925,12290,11639,10015,7962,7422,10374,13991,12239,10361,7456,7844,11383,13887,14072,11614,8003,7450,11730,13766,11265,8462,7672,8029,11223,13248,13672,10598,7448,7557,9665,10719,9302,7936,7081,8358,10376,13161,12440,10238,7490,8011,9363,11306,9876,9904,8111,7575,9901,11569,11543,10633,8066,8025,11028,13845,12663,9896,7548,7720,9998,11373,11425,10721,7865,8459,10275,12245,12057,10589,7193,7700,10131,12470,12413,10249,7663,7112,8483,11300,10838,8372,7014,7523,10318,12966,13115,11645,8474,7310,9753,10685,8402,8079,7377,7823,9679,12071,11837,9648,8303,7759,10135,14229,10281,8327,7702,8499,11112,12688,12275,11335,8957,8487,10592,11402,9961,9190,7360,8213,10349,12493,12474,11944,9165,8546,10041,10360,9987,8695,7562
Residential : Alabama,3263,2110,1919,1886,1945,2462,3112,3071,2556,1781,1708,1990,2967,1975,2240,1792,2182,2648,3302,3348,2927,2241,1761,2639,3058,2563,2028,1725,2167,2426,3173,3202,2880,1887,1709,2600,3057,2592,2136,1796,2253,2894,3315,3113,2577,2069,1803,2505,2861,2445,2226,1857,2028,2748,3404,3441,3265,2403,1873,2765,2822,2369,2250,2018,2313,3067,3752,3757,3123,2146,2009,2652,2743,2906,2281,1917,2349,3035,3460,3890,3361,2400,1962,2479,3106,2726,2274,1902,2187,3098,3549,3424,2921,2116,2061,2821,2983,2663,2251,1852,2249,2906,3620,3289,2721,2124,2013,2819,3750,3133,2675,1902,2311,3317,3849,3929,3214,2146,2059,3246,3516,2798,2117,2038,2366,3318,3640,3771,2761,2017,2062,2600,2698,2299,2038,1926,2439,2948,3578,3275,2723,2022,2170,2516,2830,2492,2532,2014,2138,2890,3123,3182,2875,2135,2223,2944,3786,2984,2437,1941,2213,2865,3222,3323,2967,2135,2378,2678,3250,3097,2481,1867,2240,2985,3568,3413,2730,2041,1963,2275,3082,2640,2087,1847,2201,3001,3648,3568,3173,2266,1962,2579,2666,2040,2107,2025,2242,2700,3395,3253,2640,2276,2072,2765,3755,2351,2121,1910,2399,3102,3440,3337,3147,2372,2335,2812,3019,2336,2280,1939,2474,2961,3429,3476,3354,2424,2302,2600,2707,2506,2203,1976
Residential : Kentucky,2921,2052,1915,1611,1536,1814,2345,2578,1973,1468,1552,1932,2607,2002,2019,1608,1517,2149,2705,2719,2237,1618,1693,2473,2821,2595,2035,1479,1534,1678,2486,2517,2151,1450,1567,2392,2843,2558,1955,1629,1712,2217,2444,2297,2042,1545,1557,2387,2734,2275,2246,1653,1598,2153,2792,2880,2377,1816,1714,2708,2578,2257,2177,1673,1546,2082,2726,2935,1988,1644,1930,2412,2570,2879,2238,1712,1854,2290,2696,3058,2572,1853,1828,2455,2882,2693,2361,1771,1588,2295,2649,2643,2202,1741,2011,2725,3016,2585,2135,1802,1704,2210,2431,2485,2044,1728,1767,2654,3218,2943,2275,1656,1765,2563,3070,3001,2274,1594,1731,3045,3233,2489,2059,1691,1767,2356,2947,2918,2073,1600,1731,2335,2633,2246,1814,1580,1900,2297,3024,2701,2034,1621,1953,2295,2745,2414,2426,1825,1762,2131,2554,2520,2114,1706,1937,2655,3314,2916,2424,1673,1772,2223,2409,2437,2062,1635,2025,2510,2902,2902,2417,1602,1755,2189,2607,2494,2112,1591,1620,1978,2775,2480,1908,1611,1641,2263,2751,2833,2342,1686,1639,2410,2544,1923,1950,1579,1743,2119,2687,2436,1920,1668,1811,2503,3247,2267,2087,1796,2021,2361,2728,2650,2233,1855,2005,2461,2750,2260,2251,1601,1782,2109,2790,2673,2374,1743,1988,2363,2439,2319,1962,1676
Residential : Mississippi,1758,1300,1081,1073,1146,1523,1861,2017,1757,1216,986,1138,1542,1268,1262,1094,1340,1557,1901,1992,2009,1476,1095,1309,1583,1493,1206,1047,1307,1585,1894,2059,1866,1261,1064,1305,1566,1446,1215,1052,1167,1635,1888,1930,1774,1444,1201,1260,1547,1343,1186,1076,1125,1669,2028,1996,1769,1738,1115,1360,1541,1301,1251,1156,1247,1703,2035,2152,1959,1372,1144,1414,1510,1636,1298,1117,1231,1624,1931,2100,2075,1517,1191,1336,1655,1554,1296,1126,1211,1743,1977,2034,1736,1333,1147,1481,1609,1515,1278,1068,1226,1596,2157,1964,1732,1406,1102,1443,2065,1761,1576,1149,1221,1799,2196,2245,2039,1438,1133,1552,1973,1756,1226,1154,1271,1833,2178,2197,1927,1295,1127,1400,1579,1333,1213,1106,1294,1705,2036,2063,1827,1324,1171,1342,1694,1439,1416,1205,1147,1604,1915,1972,1866,1455,1170,1581,1950,1942,1457,1150,1161,1547,1860,1874,1894,1420,1217,1451,1771,1647,1568,1100,1190,1569,2027,2157,1805,1363,1115,1249,1608,1566,1227,1041,1189,1613,2115,2099,1930,1526,1180,1365,1552,1226,1157,1145,1214,1537,1905,1960,1687,1464,1185,1411,2090,1594,1185,1112,1247,1809,2050,2013,1908,1538,1245,1519,1690,1473,1322,1137,1276,1730,1997,2033,2031,1644,1304,1472,1548,1446,1319,1180
Residential : Tennessee,4629,3528,2818,2651,2368,2756,3441,3796,3527,2371,2356,2691,3803,3272,3058,2572,2412,3110,3889,4119,3862,2704,2431,3520,4031,4140,3122,2295,2403,2630,3560,3797,3723,2455,2292,3246,4082,3904,3044,2590,2487,3386,3804,3643,3402,2613,2359,3211,3993,3632,3239,2565,2418,3164,4079,4209,4167,3292,2740,3633,3957,3487,3267,2777,2499,3294,4166,4559,3863,2728,2782,3437,3682,4214,3377,2770,2742,3467,4199,4558,4608,3204,2723,3333,4041,4104,3551,2782,2457,3414,4079,4271,3777,2842,2765,3862,4222,4122,3324,2652,2538,3214,4082,3901,3518,2704,2541,3458,4958,4403,3835,2749,2548,3704,4771,4897,4087,2826,2527,3887,5044,4222,3061,2790,2625,3716,4483,4787,3837,2537,2637,3330,3809,3424,2871,2470,2725,3427,4523,4401,3654,2522,2717,3210,4037,3530,3531,3068,2528,3277,3977,3868,3778,2770,2694,3848,4795,4821,3578,2785,2575,3363,3882,3791,3798,2676,2839,3636,4322,4411,4123,2624,2515,3388,4268,4350,3602,2668,2415,2981,3834,4153,3149,2515,2492,3441,4452,4614,4200,2996,2529,3398,3923,3213,2865,2628,2624,3324,4084,4188,3401,2895,2691,3455,5137,4069,2934,2884,2830,3840,4471,4275,4047,3191,2902,3801,3944,3892,3336,2682,2682,3549,4277,4292,4185,3354,2952,3606,3667,3717,3211,2729
Residential : West South Central,17490,13282,11246,10756,11929,16109,20169,22462,19157,13249,10194,12001,15641,13387,12220,11372,13313,17844,20670,21558,19649,14862,11806,12722,15535,14422,12463,11062,14428,17556,20998,22250,18628,12997,11429,13920,15213,14384,12198,10961,12993,17839,20560,20633,18704,14794,12323,13910,15351,13598,12089,11409,12628,18951,22938,22568,21557,16543,11692,14335,14978,12953,12920,12644,14724,19232,22495,23590,19763,14416,11685,14312,16545,16031,12931,11498,13390,17036,20116,22239,20403,16051,12261,14075,17322,15284,13299,12103,13912,19966,22406,22688,18054,13706,11972,15629,17425,14101,13201,11911,14118,19139,24581,23264,18669,14340,11363,16077,20791,16959,15224,11897,13962,20772,23719,25536,21222,14973,11881,15824,19293,18140,13370,13069,15192,22248,26427,27702,22053,15179,12386,15826,16954,14324,13223,12921,16040,20906,24626,25324,20805,15232,12921,14881,18656,14603,14472,13199,14123,19907,23435,24287,21965,16374,13005,18375,21092,18806,15494,12489,13985,19077,22437,23260,21616,16229,13588,16019,20190,17202,17227,12699,14080,19410,24851,25819,22003,16795,12644,15166,18488,16016,13370,12534,14443,20206,26173,25859,22530,17875,13627,16077,18268,13625,13599,13287,15431,20386,24686,24779,20852,17891,13679,16156,23364,17722,14087,13208,16631,23651,26138,25995,22353,17777,14503,17280,19092,16651,15914,12866,15533,20590,24800,26365,24646,19502,14609,16497,17316,16353,14978,14256
Residential : Arkansas,1619,1216,1057,955,951,1244,1651,1871,1592,1048,839,1062,1390,1191,1145,995,1016,1219,1622,1776,1762,1271,961,1180,1444,1390,1235,947,1019,1222,1631,1814,1659,1056,935,1246,1458,1390,1163,948,998,1372,1648,1680,1533,1225,1007,1199,1521,1345,1173,1028,1014,1448,1876,1976,1906,1444,1046,1357,1523,1319,1279,1093,1105,1497,1840,2086,1702,1180,1092,1349,1547,1645,1298,1027,1101,1422,1738,1981,1867,1348,1087,1355,1682,1609,1397,1090,1066,1499,1806,1931,1536,1162,1074,1539,1730,1523,1307,1082,1067,1395,1930,1801,1498,1164,1040,1448,2058,1757,1522,1089,1085,1657,2092,2227,1870,1291,1058,1526,1936,1775,1285,1145,1135,1679,2175,2257,1764,1149,1074,1413,1660,1461,1256,1049,1198,1631,2072,2157,1753,1220,1113,1340,1777,1535,1514,1268,1110,1444,1856,1848,1770,1346,1117,1635,2002,1931,1574,1142,1062,1411,1746,1775,1792,1273,1171,1561,1894,1703,1792,1073,1064,1440,1961,2075,1665,1272,1029,1307,1679,1586,1266,1039,1039,1437,2070,2009,1746,1408,1091,1413,1731,1312,1212,1066,1098,1452,1790,1890,1578,1377,1132,1388,2120,1738,1324,1135,1213,1729,2047,1949,1775,1423,1205,1601,1746,1646,1541,1149,1111,1493,1841,2005,1902,1504,1257,1555,1676,1570,1390,1128
Residential : Louisiana,2453,1870,1571,1614,1878,2389,2908,3100,2754,2041,1539,1683,2288,1937,1890,1706,2212,2564,2997,3190,3183,2544,1746,1900,2387,2242,1845,1633,2127,2764,3058,3205,3135,2346,1785,2045,2405,2176,1916,1645,1914,2732,3134,3243,3096,2560,2104,1939,2392,2076,1802,1700,1835,2810,3429,3428,2833,2655,1787,1907,2174,1915,1856,1794,2000,2638,3214,3323,3037,2301,1787,2073,2303,2379,1947,1722,1985,2549,3028,3301,3254,2541,1869,1999,2509,2341,1906,1785,1979,2888,3226,3316,2749,2184,1778,2189,2487,2236,1989,1762,2088,2711,3611,3334,2953,2501,1849,2225,3153,2654,2450,1786,2078,3090,3575,3696,3345,2566,1908,2379,2974,2757,2021,1933,2231,3115,3670,3645,3306,2340,1821,2206,2508,2073,1961,1921,2226,3009,3434,3442,3042,2369,1936,2106,2681,2213,2154,1924,1921,2818,3329,3383,3239,2596,1932,2520,3128,3013,2299,1836,2011,2703,3206,3287,3146,2440,2046,2286,2813,2642,2542,1864,2089,2795,3466,3762,3142,2436,1946,2048,2570,2425,1944,1759,2009,2772,3576,3449,3257,2695,2037,2156,2503,1922,1929,1940,2136,2666,3275,3269,2940,2598,2057,2298,3283,2506,1887,1795,2205,3143,3481,3423,3213,2646,2071,2412,2618,2325,2117,1834,2127,2966,3436,3423,3406,2735,2087,2267,2462,2239,2111,2041
Residential : Oklahoma,1980,1441,1326,1154,1259,1789,2482,2721,1900,1220,1074,1451,1740,1428,1387,1221,1272,1728,2308,2470,2207,1423,1232,1513,1768,1614,1416,1139,1348,1705,2441,2602,1946,1183,1181,1819,1756,1619,1312,1115,1411,1879,2268,2216,1889,1379,1218,1637,1862,1472,1348,1219,1367,2058,2656,2561,2244,1614,1125,1783,1719,1493,1463,1271,1577,2244,2791,2892,1754,1415,1295,1777,1991,1769,1379,1226,1406,1902,2342,2754,1965,1515,1341,1772,2057,1751,1551,1264,1461,2154,2650,2470,1782,1338,1299,2085,2115,1430,1514,1334,1438,2214,2685,2534,1686,1327,1281,2084,2353,1891,1695,1275,1460,2429,2767,3053,2068,1406,1292,1999,2294,2024,1446,1319,1605,2635,3296,3180,1879,1399,1390,1958,1920,1626,1421,1284,1789,2274,3070,2793,2000,1427,1352,1854,2120,1670,1726,1435,1504,2105,2580,2610,2161,1507,1462,2319,2382,2064,1810,1312,1566,2101,2399,2625,2030,1534,1558,1972,2238,1872,1771,1234,1403,2185,2722,2586,2164,1414,1279,1747,2149,1642,1416,1249,1431,2298,2912,2696,2114,1622,1292,1968,2090,1385,1493,1267,1493,2161,2734,2435,1956,1616,1355,1852,2544,1845,1497,1386,1870,2452,2794,2533,2024,1620,1550,2000,2220,1889,1830,1290,1550,2113,2713,2750,2454,1642,1637,1913,1985,1835,1581,1452
Residential : Texas,11439,8755,7293,7033,7840,10686,13128,14771,12911,8940,6741,7805,10224,8831,7799,7451,8813,12333,13743,14121,12498,9625,7868,8129,9935,9175,7967,7343,9934,11865,13869,14629,11889,8411,7528,8811,9594,9200,7808,7252,8670,11855,13510,13495,12185,9631,7994,9135,9577,8704,7766,7462,8412,12635,14977,14602,14574,10831,7735,9288,9562,8226,8321,8486,10042,12853,14650,15290,13270,9520,7511,9113,10704,10238,8307,7523,8898,11163,13008,14203,13317,10646,7964,8950,11074,9583,8445,7965,9405,13426,14724,14971,11988,9022,7822,9816,11094,8912,8390,7732,9524,12820,16354,15595,12532,9349,7193,10319,13227,10657,9558,7746,9339,13596,15286,16560,13939,9711,7624,9920,12088,11584,8618,8671,10221,14820,17286,18621,15104,10292,8101,10249,10866,9165,8585,8667,10826,13993,16050,16932,14009,10216,8520,9582,12078,9185,9078,8572,9588,13540,15670,16446,14795,10925,8493,11901,13581,11797,9812,8200,9346,12861,15087,15573,14648,10982,8813,10200,13244,10985,11123,8528,9523,12990,16701,17396,15032,11673,8391,10065,12089,10363,8743,8486,9964,13699,17614,17705,15413,12149,9207,10539,11944,9006,8965,9014,10703,14107,16887,17184,14379,12301,9134,10619,15416,11633,9379,8892,11343,16327,17816,18089,15340,12088,9676,11268,12508,10791,10426,8593,10746,14019,16810,18186,16885,13620,9629,10762,11194,10709,9895,9636
Residential : Mountain,6846,5821,5536,4760,5470,6530,7817,8001,6986,5836,4971,6334,6919,6001,5849,4988,5294,6817,8657,8326,6959,5682,5290,6253,6674,5558,5643,4958,5467,7089,9124,9119,7568,6312,5588,6787,7240,6312,5954,5199,5938,7209,8795,8893,7383,5984,5645,7162,7382,6008,5961,5394,5965,7710,10093,9542,8069,6427,5627,7512,7387,6343,6490,5693,6661,8768,10711,10150,8041,6394,6092,7729,8671,6845,6411,5811,6976,8521,11159,10654,9225,6651,6302,7848,8718,7390,6659,6054,6488,8215,10922,10504,8453,6848,6138,7721,8276,6686,6617,5990,7157,7780,10559,10419,8758,6743,6274,8172,8395,6820,6687,5985,6349,8390,10999,10421,8582,6704,6242,7784,8439,7183,6700,6166,6442,8077,10823,10952,8901,6666,6233,8194,8045,6868,6577,6084,7150,9166,10901,11072,8556,6721,6174,7559,8964,7076,6698,6202,7113,9297,11220,10474,8452,6371,6191,8299,8216,6720,6472,6079,6951,9033,11031,9897,8601,6786,6305,7696,8245,6226,6583,6002,6425,9376,10743,10869,8955,7128,6354,8300,8561,6838,6403,6034,6780,10066,11670,11020,8311,6821,6315,8185,8586,6655,6711,6311,7265,9944,12061,11031,8700,6976,6408,7887,7883,6825,6840,6602,7578,9837,12156,11645,9327,6724,6705,8191,8439,7558,7125,6395,6684,8935,11729,12027,9209,7033,6793,8241,8317,7345,6864,6899
Residential : Arizona,2063,1790,1690,1404,1984,2572,3052,3116,2837,2220,1584,1888,2153,1811,1642,1521,1859,2562,3297,3287,2867,2097,1508,1809,2004,1595,1662,1457,1827,2743,3493,3574,3192,2474,1714,2007,2164,1939,1879,1730,2162,2850,3466,3599,3078,2183,1680,2190,2286,1814,1739,1684,2170,3136,4006,3830,3466,2487,1745,2181,2275,1895,1896,1827,2511,3557,4298,4093,3391,2422,1878,2325,2741,2150,1952,1858,2641,3436,4399,4277,4055,2574,1999,2352,2632,2306,1995,1854,2307,3291,4276,4264,3614,2603,1920,2174,2422,1936,1947,1779,2765,3106,4313,4340,3629,2441,1884,2285,2447,1981,1982,1821,2248,3356,4439,4123,3576,2442,1833,2201,2461,2144,1891,1964,2295,3300,4308,4480,3607,2392,1793,2445,2356,1906,1903,2017,2738,3726,4137,4304,3393,2399,1837,2207,2684,2068,1940,1966,2684,3812,4371,4076,3339,2063,1766,2334,2300,1804,1791,1931,2574,3705,4377,3913,3434,2431,1842,2242,2343,1703,1976,1961,2313,3750,4223,4412,3529,2556,1869,2533,2516,1954,1854,1961,2511,4026,4674,4210,3216,2596,1919,2253,2377,1840,2037,2118,2735,4110,4630,4288,3457,2549,1920,2188,2172,1893,1981,2259,2886,3863,4700,4575,3839,2241,1888,2364,2475,2219,2006,2105,2365,3620,4713,4819,3701,2363,1939,2409,2462,2124,1962,2283
Residential : Colorado,1421,1158,1160,997,1009,1104,1425,1418,1296,1129,1051,1303,1379,1293,1243,1046,1092,1234,1569,1507,1338,1169,1206,1349,1363,1256,1225,1077,1092,1203,1613,1660,1387,1194,1222,1433,1398,1311,1203,1108,1126,1234,1454,1481,1348,1194,1218,1458,1468,1246,1266,1176,1135,1330,1746,1649,1430,1234,1220,1535,1452,1316,1363,1177,1204,1539,1729,1728,1381,1223,1288,1552,1702,1385,1323,1198,1241,1400,1824,1798,1531,1310,1322,1600,1740,1479,1392,1250,1252,1404,1841,1727,1416,1291,1294,1635,1605,1358,1331,1275,1262,1323,1674,1695,1492,1343,1370,1685,1712,1432,1469,1278,1251,1535,1839,1776,1533,1340,1378,1560,1692,1483,1414,1272,1247,1454,1873,1910,1570,1338,1378,1646,1628,1454,1369,1226,1268,1597,1972,1905,1546,1355,1345,1555,1716,1471,1446,1302,1340,1567,1854,1843,1580,1377,1372,1660,1698,1451,1423,1275,1314,1478,1826,1737,1517,1352,1399,1622,1676,1400,1397,1245,1291,1550,1804,1911,1587,1426,1412,1685,1719,1442,1425,1282,1357,1708,2062,1900,1571,1335,1336,1697,1726,1369,1421,1262,1366,1660,2021,1866,1585,1364,1342,1633,1654,1452,1457,1298,1430,1783,2043,1994,1658,1404,1448,1665,1706,1501,1545,1293,1357,1518,2010,2131,1696,1446,1462,1685,1693,1536,1480,1373
Residential : Idaho,849,721,650,536,469,401,475,524,421,473,587,802,793,739,711,508,491,484,552,483,416,517,622,740,734,669,619,528,499,487,570,556,509,499,653,768,912,698,639,512,448,505,571,553,480,516,645,835,845,700,673,543,520,498,611,581,496,534,672,929,846,755,742,582,514,557,709,634,532,566,721,900,974,782,693,573,560,574,724,672,543,591,726,928,1005,849,753,673,580,570,704,659,517,580,704,945,972,813,785,630,574,532,696,633,575,601,747,995,916,744,720,621,565,542,662,629,531,540,730,937,957,811,770,630,568,539,665,651,577,536,746,940,905,787,727,585,538,563,705,716,535,558,686,854,1055,787,720,599,557,570,747,709,550,590,718,1018,949,783,697,584,542,551,742,648,517,528,738,856,915,672,650,569,512,648,707,688,521,522,714,937,935,751,679,552,514,617,708,688,503,550,654,1021,1102,796,703,602,562,592,815,729,565,599,705,959,883,776,752,598,545,585,789,711,523,566,749,949,930,850,784,590,540,587,734,737,557,660,763,915,910,828,741,648
Residential : Montana,441,374,358,310,266,274,320,321,286,264,300,370,429,354,385,322,284,286,348,312,274,286,331,420,430,375,382,313,287,273,341,374,296,270,333,445,468,394,364,298,275,285,315,326,286,293,327,422,490,386,358,325,285,296,341,361,299,298,327,454,478,386,437,338,301,301,348,371,291,309,366,467,538,431,406,340,319,295,363,400,295,318,353,484,541,480,421,376,349,311,348,363,312,310,365,493,586,465,446,391,330,311,335,344,321,349,393,518,575,457,418,368,346,316,345,365,322,311,386,535,582,491,489,392,359,316,364,376,329,317,385,515,521,480,434,366,326,331,386,416,318,316,392,492,559,473,436,390,341,309,376,401,329,350,413,550,582,510,506,394,340,315,353,380,329,326,398,535,575,455,425,366,326,337,395,376,332,316,385,536,570,466,408,369,322,352,380,393,331,341,382,539,677,529,453,377,350,335,413,425,344,361,423,539,607,517,517,424,354,319,389,415,333,355,428,540,567,561,576,408,346,328,363,399,336,375,457,536,573,497,478,452
Residential : Nevada,756,603,573,569,782,1069,1180,1231,977,676,473,718,757,634,687,582,566,1069,1378,1328,928,555,525,692,749,568,610,525,692,1239,1481,1375,1005,776,547,773,812,698,659,537,827,1124,1439,1468,1005,703,584,815,854,657,663,595,743,1186,1675,1500,1081,714,551,861,856,672,738,642,939,1359,1804,1634,1169,686,581,899,980,715,715,672,965,1366,1900,1633,1318,636,598,893,989,790,695,630,806,1190,1835,1687,1249,802,575,812,949,686,716,646,975,1183,1648,1617,1256,733,576,895,901,704,688,627,715,1172,1759,1671,1139,797,594,848,906,699,723,641,742,1018,1663,1601,1268,769,599,865,904,705,728,654,979,1327,1686,1706,1244,816,558,815,1031,721,704,660,890,1456,1892,1508,1116,661,582,921,919,673,660,648,885,1404,1783,1512,1262,814,558,800,988,629,688,666,810,1462,1677,1596,1387,949,601,886,1013,705,709,647,832,1631,1737,1856,1191,713,726,932,919,697,768,731,974,1529,2003,1707,1212,799,705,892,841,741,749,793,1047,1519,1979,1890,1387,829,754,920,916,867,746,767,822,1350,1792,1829,1288,787,745,930,893,788,763,810
Residential : New Mexico,482,425,387,335,350,412,492,504,459,389,342,423,489,427,408,354,360,443,528,531,480,401,376,441,495,409,406,364,383,453,566,585,482,417,385,474,525,465,441,383,412,482,546,557,486,410,415,514,533,446,437,400,411,513,611,606,539,447,399,522,535,461,449,411,447,557,628,615,498,437,430,541,620,524,474,432,439,521,647,671,602,471,444,543,644,558,487,425,438,559,633,646,529,452,448,560,609,504,485,428,475,532,666,678,541,453,474,658,667,545,519,458,445,593,698,682,586,485,469,605,661,579,488,418,461,590,759,742,595,457,471,653,614,559,516,446,483,617,715,727,588,473,458,568,669,562,504,436,477,618,707,698,594,469,463,608,639,546,471,431,464,598,704,670,581,473,459,574,647,517,497,416,430,567,698,695,621,497,466,592,654,544,448,416,448,607,769,707,567,466,437,579,602,497,447,405,452,627,772,693,570,449,433,550,613,506,461,414,501,659,781,740,580,470,484,618,667,526,496,422,449,572,763,789,643,485,494,615,650,537,473,449
Residential : Utah,584,535,502,443,462,558,713,717,573,523,464,619,671,528,544,467,487,589,817,710,511,498,533,583,655,475,518,511,532,513,885,813,549,527,525,662,703,568,556,466,524,582,834,754,545,526,584,682,648,536,604,482,532,583,916,835,596,551,530,754,682,611,621,523,576,727,1012,881,629,572,621,776,801,597,605,546,634,757,1100,1000,713,571,658,769,846,636,656,615,567,713,1086,957,658,628,629,796,810,646,651,606,587,628,1031,939,768,625,594,840,832,687,636,594,582,697,1061,986,717,617,630,797,849,686,653,624,569,674,998,985,774,680,624,832,799,694,645,594,640,814,1083,1086,752,618,664,799,908,714,686,616,626,797,1073,1035,756,659,643,890,805,654,656,592,631,814,1055,848,779,677,681,771,789,596,688,579,561,866,1044,992,798,680,689,835,826,702,639,595,611,935,1124,1056,762,632,645,843,839,653,638,609,633,906,1183,1134,797,646,647,826,798,670,659,597,635,922,1252,1118,844,680,705,835,850,748,691,600,616,763,1132,1122,814,698,684,850,830,748,701,651
Residential : Wyoming,251,214,216,166,149,140,160,169,136,162,169,213,247,216,229,187,157,149,168,166,145,159,189,221,245,213,220,184,155,177,175,182,147,154,210,225,257,240,214,164,164,147,169,155,155,159,192,246,259,223,221,189,170,167,187,178,163,163,182,276,264,247,244,193,171,169,182,194,150,179,207,268,315,261,243,192,177,171,201,203,168,180,203,278,320,291,260,231,189,176,200,201,159,183,202,306,323,278,256,235,189,165,195,174,176,197,236,297,346,271,255,220,198,179,196,188,178,173,223,300,333,290,272,225,202,186,193,207,181,177,237,298,318,283,256,195,178,191,216,212,179,185,234,269,342,279,261,232,199,170,200,204,188,201,234,319,324,298,267,223,201,168,190,189,182,185,230,295,313,254,262,201,182,195,195,201,180,181,218,296,329,274,240,212,185,188,216,209,171,189,217,322,343,273,245,208,193,185,223,190,169,210,233,300,316,268,262,219,181,186,224,202,163,180,248,301,329,285,281,211,190,198,221,201,174,220,249,302,305,287,266,233
Residential : Pacific Contiguous,13337,11561,11545,9760,9277,9505,9781,10300,9270,9802,9734,11906,13103,11550,11083,10298,9447,9238,10679,10537,10004,9948,9626,11310,12883,10804,11030,10175,9513,10076,11513,11668,11394,10408,10042,13028,13661,11509,11744,10025,9258,10248,10831,11877,11304,10023,10364,12973,13710,11675,12102,10270,9627,10304,11158,13324,11162,10075,10493,13262,13571,11770,12909,10396,10320,11162,13304,13879,11610,10477,10681,13173,15067,12585,12049,10394,10462,10621,12463,12958,12354,10870,10850,13248,15195,13203,12087,11239,10653,10963,13255,12690,12454,11428,10255,14055,14648,12576,12619,11146,10338,10745,12626,12701,12506,11400,10670,14398,13853,11825,12199,10885,9817,10636,11949,12323,11710,10952,10790,14064,14198,12164,13150,11028,10389,10540,11863,12934,12354,10664,11110,13809,14239,12431,12360,10750,10471,10806,12067,13716,12252,11795,10802,12789,15160,12391,11857,10548,10492,10582,13232,12428,12426,10941,10378,14120,14203,12105,11381,10454,10151,11037,13055,13177,12697,11687,10114,12999,13447,10804,11081,10212,9480,10888,13295,12768,12962,12031,10978,13781,13874,11494,11322,9713,9509,11168,12685,14183,11872,10947,10457,13874,15229,11905,12012,9821,10526,11576,14085,14495,12732,10521,11314,13257,13494,11283,12978,9897,10280,10402,13745,16237,10344,11088,10640,12981,14385,12169,12448,9369,10219,10013,12791,14001,11917,11517,10437,13828,13939,10945,11774,10009
Residential : California,7236,6126,6527,5396,5541,6287,6756,7302,6391,6556,5768,6782,7312,6150,5782,5889,5637,5982,7487,7479,6990,6669,5558,6268,7507,5868,6095,5760,5740,6533,8175,8501,8287,7097,5854,7509,7489,6252,6629,5904,5877,6843,7492,8469,8106,6602,6117,7582,7647,6391,7103,5909,5976,6876,7820,9824,7945,6577,6206,7337,7626,6391,7325,6024,6517,7548,9522,10129,8185,6867,6262,7442,8399,6783,6815,6038,6531,7040,8644,9204,8948,7078,6330,7347,8576,7175,6634,6379,6419,7216,9334,8944,9003,7676,5970,7904,7991,6641,6876,6379,6315,7141,8690,8938,9038,7603,6122,8064,7629,6736,7093,6429,5862,6934,8105,8475,8254,7388,6385,7966,7804,6587,7399,6259,6159,6804,8192,9084,8823,7088,6455,7745,8024,6724,6855,6236,6580,7149,8138,9782,8889,8191,6402,7141,8556,6786,6670,6029,6604,7128,9256,8703,8952,7022,5876,7660,7773,6260,6152,6146,6399,7592,9183,9320,9202,8187,5873,7275,7594,6101,6408,6019,5923,7182,9158,8880,9470,8418,6432,7801,7789,6481,6447,5919,5980,7568,8886,10181,8463,7101,6188,7309,7966,6276,6601,5516,6619,7898,10013,10300,9072,6556,6418,6887,7360,5987,7610,5535,6623,6840,9648,12227,6997,7265,5947,7061,8227,6263,6718,5186,6556,6507,8922,10054,8450,7204,5667,7846,7897,5541,6321,5561
Residential : Oregon,2133,1875,1781,1510,1297,1155,1104,1132,1072,1150,1450,1844,2082,1829,1801,1492,1313,1155,1175,1161,1112,1163,1442,1828,1923,1680,1695,1493,1357,1359,1233,1220,1163,1186,1493,1933,2190,1861,1704,1407,1170,1256,1245,1293,1174,1226,1530,1946,2138,1813,1687,1509,1278,1241,1228,1333,1195,1250,1516,2151,2083,1860,1943,1494,1308,1285,1420,1380,1279,1278,1591,2055,2362,1995,1786,1471,1332,1294,1402,1382,1272,1356,1633,2090,2340,1979,1842,1653,1444,1300,1459,1391,1235,1366,1558,2344,2208,1929,1918,1554,1359,1242,1515,1407,1241,1378,1680,2374,2063,1658,1750,1529,1356,1290,1432,1404,1241,1305,1618,2195,2219,1833,1884,1595,1436,1279,1308,1411,1303,1298,1692,2171,2135,1830,1844,1500,1317,1261,1414,1451,1209,1287,1589,2016,2297,1805,1707,1438,1304,1228,1496,1343,1241,1448,1609,2411,2160,1911,1631,1412,1287,1181,1477,1454,1274,1223,1601,2006,1990,1548,1543,1403,1228,1362,1571,1448,1204,1279,1610,2084,2115,1664,1653,1312,1281,1327,1376,1508,1228,1338,1474,2297,2546,1863,1776,1464,1384,1323,1517,1595,1347,1337,1678,2236,2056,1781,1797,1497,1301,1261,1523,1504,1197,1288,1637,2089,2080,2007,1901,1369,1269,1273,1416,1477,1270,1463,1728,2111,2004,1810,1826,1488
Residential : Washington,3968,3560,3237,2854,2439,2064,1921,1865,1807,2097,2516,3280,3710,3571,3500,2916,2496,2101,2018,1897,1902,2115,2626,3214,3454,3255,3240,2922,2416,2185,2105,1946,1944,2125,2695,3586,3983,3395,3411,2714,2212,2149,2094,2115,2024,2195,2717,3444,3925,3471,3312,2852,2374,2187,2110,2167,2021,2248,2771,3773,3862,3518,3641,2879,2495,2329,2361,2370,2146,2332,2828,3676,4306,3806,3448,2885,2599,2288,2417,2373,2134,2435,2886,3811,4278,4049,3612,3206,2790,2446,2463,2355,2216,2387,2727,3807,4449,4005,3825,3213,2664,2362,2421,2355,2227,2419,2867,3960,4161,3431,3356,2927,2599,2412,2411,2444,2216,2259,2786,3904,4175,3744,3867,3175,2794,2457,2363,2439,2228,2278,2963,3893,4080,3876,3661,3014,2574,2396,2514,2482,2154,2317,2810,3632,4306,3800,3480,3081,2585,2225,2480,2381,2232,2471,2893,4049,4271,3934,3598,2896,2466,2264,2395,2404,2221,2277,2640,3718,3863,3155,3130,2790,2329,2344,2567,2440,2288,2333,2936,3896,3970,3349,3222,2483,2248,2273,2423,2494,2180,2508,2795,4269,4718,3766,3635,2841,2523,2354,2555,2599,2313,2628,3218,4133,4079,3516,3570,2866,2357,2300,2574,2506,2150,2535,3055,3832,4079,3899,3829,2814,2394,2234,2453,2470,2197,2850,3042,3871,4037,3594,3628,2960
Residential : Pacific Noncontiguous,454,380,391,375,368,357,376,377,377,385,407,448,457,399,405,394,384,371,377,392,387,405,415,446,474,404,414,399,389,385,401,413,402,425,433,476,502,440,429,424,403,399,415,431,422,438,446,475,503,431,431,415,407,405,420,429,426,429,448,482,495,437,458,429,401,410,423,436,420,435,463,495,516,427,470,429,413,411,424,439,420,437,444,486,513,457,451,416,413,399,420,415,403,422,435,472,509,419,436,405,402,404,410,423,408,437,443,476,489,407,436,405,400,386,409,415,393,421,432,491,507,419,455,406,402,379,398,403,390,407,431,468,487,430,422,391,375,368,384,387,369,399,419,469,468,381,402,389,377,350,368,374,364,390,394,457,453,385,402,355,354,348,369,375,367,403,395,423,435,383,384,360,343,344,385,399,403,393,408,448,437,384,401,356,349,352,372,388.75,382,394,391,457,457,380,412,364,360,352,381,388,374,392,403,427,437,388,406,375,358,354,380,393,384,396,400,416,445,362,374,344,360,366,403,405,393,409,404,439,471,388,402,375
Residential : Alaska,206,175,161,155,139,130,128,130,137,147,175,208,210,187,173,163,145,132,131,135,142,155,169,190,217,184,170,161,144,136,136,139,144,158,182,216,236,200,176,175,147,138,140,143,148,165,183,212,231,199,181,164,144,140,142,142,152,160,193,214,225,209,192,176,149,145,146,147,152,161,194,225,239,199,205,178,150,143,144,148,147,163,185,214,239,214,192,169,154,143,146,146,149,167,192,218,248,201,191,169,152,143,146,145,147,165,188,222,226,188,190,165,152,141,149,153,146,165,185,235,238,196,204,169,152,140,148,149,149,162,199,227,236,217,189,170,150,148,151,150,150,164,199,236,235,187,192,176,161,139,144,145,148,166,180,231,230,182,195,159,144,142,144,142,146,167,183,211,219,195,184,162,147,137,143,144,148,163,182,221,224.25,191.5,191,160.5,146,138.25,142.5,141.75,144.25,160,181,210.5,235,195,197,165,145,139,143,143,143,158,186,211,213,194,188,156,148,135,140,138,140,152,173,199,215,186,178,151,146,131,141,138,137,155,168,198,232,197,193,170
Residential : Hawaii,248,204,230,220,229,227,248,248,240,238,232,240,246,212,231,231,239,240,246,257,245,250,246,256,257,220,244,238,245,249,265,275,258,266,250,260,267,239,252,250,256,261,275,289,274,273,263,264,271,232,250,251,263,265,277,287,274,269,255,269,270,228,266,253,252,265,277,289,268,275,269,270,277,228,265,251,263,268,280,291,272,274,259,271,274,243,259,247,259,256,273,268,254,255,243,254,260,218,244,236,251,261,264,278,261,272,255,254,263,220,246,240,247,245,260,261,248,256,247,256,269,222,251,237,249,239,250,254,240,245,232,241,251,213,233,221,225,220,233,237,219,234,220,232,233,193,211,213,216,211,224,229,216,224,213,226,223,203,207,196,210,206,224,233,221,236,213,211,216,188,200,198,195,207,242,255,255,230,227,228,222,191,198,201,206,213,231,249,231,229,209,233,222,185,215,198,216,214,238,245,231,234,218,216,225,194,217,219,210,219,240,255,244,243,227,217,230,175,196,193,214,235,263,267,256,254,236,240,239,192,209,205